{"cameraMode":{"drawMode":0,"name":"Shaded","section":"Shading Mode"},"sceneLighting":true,"audioPlay":false,"sceneViewState":{"m_AlwaysRefresh":false,"showFog":true,"showSkybox":true,"showFlares":true,"showImageEffects":true,"showParticleSystems":true,"showVisualEffectGraphs":true,"m_FxEnabled":true},"in2DMode":false,"pivot":{"x":4.906661510467529,"y":2.6948342323303224,"z":2.841094970703125},"rotation":{"x":-0.004331833682954311,"y":0.737021803855896,"z":-0.004588915966451168,"w":-0.6759214401245117},"size":0.4330126941204071,"orthographic":false}