{"cameraMode":{"drawMode":0,"name":"Shaded","section":"Shading Mode"},"sceneLighting":true,"audioPlay":false,"sceneViewState":{"showFog":true,"showMaterialUpdate":false,"showSkybox":true,"showFlares":true,"showImageEffects":true,"showParticleSystems":true},"in2DMode":false,"pivot":{"x":-5.480734825134277,"y":1.3784637451171876,"z":17.24691390991211},"rotation":{"x":0.10315544903278351,"y":-0.09444372355937958,"z":0.009839520789682866,"w":0.9901224970817566},"size":34.122413635253909,"orthographic":false}